{"rawPrediction":{"type":1,"values":[61.51716894216894,13.482831057831058]},"probability":{"type":1,"values":[0.8202289192289192,0.17977108077108078]},"dense_vector":{"type":1,"values":[61.51716894216894,13.482831057831058,0.8202289192289192,0.17977108077108078]},"label":0}
{"rawPrediction":{"type":1,"values":[72.16862162303683,2.831378376963158]},"probability":{"type":1,"values":[0.9622482883071579,0.03775171169284211]},"dense_vector":{"type":1,"values":[72.16862162303683,2.831378376963158,0.9622482883071579,0.03775171169284211]},"label":0}
{"rawPrediction":{"type":1,"values":[69.00198264186693,5.99801735813306]},"probability":{"type":1,"values":[0.9200264352248926,0.07997356477510749]},"dense_vector":{"type":1,"values":[69.00198264186693,5.99801735813306,0.9200264352248926,0.07997356477510749]},"label":0}
{"rawPrediction":{"type":1,"values":[63.67692352955563,11.323076470444366]},"probability":{"type":1,"values":[0.8490256470607417,0.15097435293925823]},"dense_vector":{"type":1,"values":[63.67692352955563,11.323076470444366,0.8490256470607417,0.15097435293925823]},"label":0}
{"rawPrediction":{"type":1,"values":[19.3469298245614,55.6530701754386]},"probability":{"type":1,"values":[0.25795906432748533,0.7420409356725147]},"dense_vector":{"type":1,"values":[19.3469298245614,55.6530701754386,0.25795906432748533,0.7420409356725147]},"label":1}
{"rawPrediction":{"type":1,"values":[67.0958543713,7.904145628699978]},"probability":{"type":1,"values":[0.8946113916173336,0.1053886083826664]},"dense_vector":{"type":1,"values":[67.0958543713,7.904145628699978,0.8946113916173336,0.1053886083826664]},"label":0}
{"rawPrediction":{"type":1,"values":[17.370162147793728,57.629837852206265]},"probability":{"type":1,"values":[0.23160216197058303,0.7683978380294169]},"dense_vector":{"type":1,"values":[17.370162147793728,57.629837852206265,0.23160216197058303,0.7683978380294169]},"label":1}
{"rawPrediction":{"type":1,"values":[71.24888519855955,3.7511148014404436]},"probability":{"type":1,"values":[0.9499851359807941,0.05001486401920593]},"dense_vector":{"type":1,"values":[71.24888519855955,3.7511148014404436,0.9499851359807941,0.05001486401920593]},"label":0}
{"rawPrediction":{"type":1,"values":[71.74850931219405,3.2514906878059526]},"probability":{"type":1,"values":[0.956646790829254,0.04335320917074603]},"dense_vector":{"type":1,"values":[71.74850931219405,3.2514906878059526,0.956646790829254,0.04335320917074603]},"label":0}
{"rawPrediction":{"type":1,"values":[20.849022176653754,54.15097782334625]},"probability":{"type":1,"values":[0.2779869623553834,0.7220130376446167]},"dense_vector":{"type":1,"values":[20.849022176653754,54.15097782334625,0.2779869623553834,0.7220130376446167]},"label":1}
{"rawPrediction":{"type":1,"values":[74.24979817648479,0.7502018235152031]},"probability":{"type":1,"values":[0.9899973090197973,0.01000269098020271]},"dense_vector":{"type":1,"values":[74.24979817648479,0.7502018235152031,0.9899973090197973,0.01000269098020271]},"label":0}
{"rawPrediction":{"type":1,"values":[69.71949358767266,5.280506412327328]},"probability":{"type":1,"values":[0.9295932478356357,0.07040675216436439]},"dense_vector":{"type":1,"values":[69.71949358767266,5.280506412327328,0.9295932478356357,0.07040675216436439]},"label":0}
{"rawPrediction":{"type":1,"values":[10.047784525416104,64.95221547458391]},"probability":{"type":1,"values":[0.13397046033888135,0.8660295396611186]},"dense_vector":{"type":1,"values":[10.047784525416104,64.95221547458391,0.13397046033888135,0.8660295396611186]},"label":1}
{"rawPrediction":{"type":1,"values":[61.71780996780996,13.282190032190032]},"probability":{"type":1,"values":[0.8229041329041329,0.17709586709586708]},"dense_vector":{"type":1,"values":[61.71780996780996,13.282190032190032,0.8229041329041329,0.17709586709586708]},"label":0}
{"rawPrediction":{"type":1,"values":[70.83545787545786,4.164542124542124]},"probability":{"type":1,"values":[0.9444727716727717,0.05552722832722833]},"dense_vector":{"type":1,"values":[70.83545787545786,4.164542124542124,0.9444727716727717,0.05552722832722833]},"label":0}
{"rawPrediction":{"type":1,"values":[67.09168176787969,7.908318232120311]},"probability":{"type":1,"values":[0.8945557569050625,0.10544424309493748]},"dense_vector":{"type":1,"values":[67.09168176787969,7.908318232120311,0.8945557569050625,0.10544424309493748]},"label":0}
{"rawPrediction":{"type":1,"values":[52.315675232919816,22.68432476708018]},"probability":{"type":1,"values":[0.6975423364389308,0.30245766356106907]},"dense_vector":{"type":1,"values":[52.315675232919816,22.68432476708018,0.6975423364389308,0.30245766356106907]},"label":0}
{"rawPrediction":{"type":1,"values":[71.51238062104602,3.4876193789539593]},"probability":{"type":1,"values":[0.9534984082806138,0.046501591719386136]},"dense_vector":{"type":1,"values":[71.51238062104602,3.4876193789539593,0.9534984082806138,0.046501591719386136]},"label":0}
{"rawPrediction":{"type":1,"values":[72.68460152912478,2.31539847087521]},"probability":{"type":1,"values":[0.9691280203883306,0.030871979611669473]},"dense_vector":{"type":1,"values":[72.68460152912478,2.31539847087521,0.9691280203883306,0.030871979611669473]},"label":0}
{"rawPrediction":{"type":1,"values":[24.09283241889596,50.907167581104034]},"probability":{"type":1,"values":[0.32123776558527944,0.6787622344147205]},"dense_vector":{"type":1,"values":[24.09283241889596,50.907167581104034,0.32123776558527944,0.6787622344147205]},"label":1}
{"rawPrediction":{"type":1,"values":[73.76397685234107,1.2360231476588959]},"probability":{"type":1,"values":[0.983519691364548,0.01648030863545195]},"dense_vector":{"type":1,"values":[73.76397685234107,1.2360231476588959,0.983519691364548,0.01648030863545195]},"label":0}
{"rawPrediction":{"type":1,"values":[62.77178998948942,12.228210010510585]},"probability":{"type":1,"values":[0.836957199859859,0.16304280014014114]},"dense_vector":{"type":1,"values":[62.77178998948942,12.228210010510585,0.836957199859859,0.16304280014014114]},"label":0}
{"rawPrediction":{"type":1,"values":[73.2863825519969,1.7136174480030857]},"probability":{"type":1,"values":[0.9771517673599588,0.022848232640041148]},"dense_vector":{"type":1,"values":[73.2863825519969,1.7136174480030857,0.9771517673599588,0.022848232640041148]},"label":0}
{"rawPrediction":{"type":1,"values":[69.12242975436071,5.877570245639289]},"probability":{"type":1,"values":[0.9216323967248095,0.07836760327519052]},"dense_vector":{"type":1,"values":[69.12242975436071,5.877570245639289,0.9216323967248095,0.07836760327519052]},"label":0}
{"rawPrediction":{"type":1,"values":[16.721532999164577,58.27846700083542]},"probability":{"type":1,"values":[0.22295377332219435,0.7770462266778057]},"dense_vector":{"type":1,"values":[16.721532999164577,58.27846700083542,0.22295377332219435,0.7770462266778057]},"label":1}
{"rawPrediction":{"type":1,"values":[73.80952423796201,1.1904757620379807]},"probability":{"type":1,"values":[0.9841269898394936,0.015873010160506414]},"dense_vector":{"type":1,"values":[73.80952423796201,1.1904757620379807,0.9841269898394936,0.015873010160506414]},"label":0}
{"rawPrediction":{"type":1,"values":[7.58313806076964,67.41686193923036]},"probability":{"type":1,"values":[0.10110850747692854,0.8988914925230714]},"dense_vector":{"type":1,"values":[7.58313806076964,67.41686193923036,0.10110850747692854,0.8988914925230714]},"label":1}
{"rawPrediction":{"type":1,"values":[65.9884605745132,9.011539425486793]},"probability":{"type":1,"values":[0.8798461409935094,0.1201538590064906]},"dense_vector":{"type":1,"values":[65.9884605745132,9.011539425486793,0.8798461409935094,0.1201538590064906]},"label":0}
{"rawPrediction":{"type":1,"values":[74.34166325584987,0.6583367441501237]},"probability":{"type":1,"values":[0.9912221767446651,0.008777823255334985]},"dense_vector":{"type":1,"values":[74.34166325584987,0.6583367441501237,0.9912221767446651,0.008777823255334985]},"label":0}
{"rawPrediction":{"type":1,