{"rawPrediction":{"type":1,"values":[66.27029728949292,8.729702710507057]},"probability":{"type":1,"values":[0.8836039638599059,0.11639603614009414]},"dense_vector":{"type":1,"values":[66.27029728949292,8.729702710507057,0.8836039638599059,0.11639603614009414]},"label":0}
{"rawPrediction":{"type":1,"values":[24.124707602339182,50.87529239766082]},"probability":{"type":1,"values":[0.3216627680311891,0.6783372319688109]},"dense_vector":{"type":1,"values":[24.124707602339182,50.87529239766082,0.3216627680311891,0.6783372319688109]},"label":0}
{"rawPrediction":{"type":1,"values":[70.58811542430738,4.411884575692625]},"probability":{"type":1,"values":[0.9411748723240984,0.058825127675901666]},"dense_vector":{"type":1,"values":[70.58811542430738,4.411884575692625,0.9411748723240984,0.058825127675901666]},"label":0}
{"rawPrediction":{"type":1,"values":[72.52387963102399,2.476120368976002]},"probability":{"type":1,"values":[0.9669850617469867,0.03301493825301337]},"dense_vector":{"type":1,"values":[72.52387963102399,2.476120368976002,0.9669850617469867,0.03301493825301337]},"label":0}
{"rawPrediction":{"type":1,"values":[70.76398606002587,4.236013939974128]},"probability":{"type":1,"values":[0.9435198141336782,0.056480185866321704]},"dense_vector":{"type":1,"values":[70.76398606002587,4.236013939974128,0.9435198141336782,0.056480185866321704]},"label":0}
{"rawPrediction":{"type":1,"values":[53.37380115604117,21.626198843958832]},"probability":{"type":1,"values":[0.7116506820805489,0.2883493179194511]},"dense_vector":{"type":1,"values":[53.37380115604117,21.626198843958832,0.7116506820805489,0.2883493179194511]},"label":1}
{"rawPrediction":{"type":1,"values":[19.75602073365231,55.243979266347694]},"probability":{"type":1,"values":[0.2634136097820308,0.7365863902179692]},"dense_vector":{"type":1,"values":[19.75602073365231,55.243979266347694,0.2634136097820308,0.7365863902179692]},"label":1}
{"rawPrediction":{"type":1,"values":[72.43115635997988,2.568843640020111]},"probability":{"type":1,"values":[0.9657487514663986,0.03425124853360149]},"dense_vector":{"type":1,"values":[72.43115635997988,2.568843640020111,0.9657487514663986,0.03425124853360149]},"label":0}
{"rawPrediction":{"type":1,"values":[72.75552173018045,2.2444782698195356]},"probability":{"type":1,"values":[0.9700736230690729,0.029926376930927145]},"dense_vector":{"type":1,"values":[72.75552173018045,2.2444782698195356,0.9700736230690729,0.029926376930927145]},"label":0}
{"rawPrediction":{"type":1,"values":[65.52020958745418,9.479790412545828]},"probability":{"type":1,"values":[0.873602794499389,0.12639720550061104]},"dense_vector":{"type":1,"values":[65.52020958745418,9.479790412545828,0.873602794499389,0.12639720550061104]},"label":0}
{"rawPrediction":{"type":1,"values":[71.33060979082722,3.669390209172767]},"probability":{"type":1,"values":[0.9510747972110298,0.04892520278897024]},"dense_vector":{"type":1,"values":[71.33060979082722,3.669390209172767,0.9510747972110298,0.04892520278897024]},"label":0}
{"rawPrediction":{"type":1,"values":[19.33817178198008,55.66182821801993]},"probability":{"type":1,"values":[0.25784229042640106,0.7421577095735991]},"dense_vector":{"type":1,"values":[19.33817178198008,55.66182821801993,0.25784229042640106,0.7421577095735991]},"label":1}
{"rawPrediction":{"type":1,"values":[66.51943833943834,8.480561660561658]},"probability":{"type":1,"values":[0.8869258445258446,0.11307415547415545]},"dense_vector":{"type":1,"values":[66.51943833943834,8.480561660561658,0.8869258445258446,0.11307415547415545]},"label":0}
{"rawPrediction":{"type":1,"values":[73.97003627172288,1.029963728277108]},"probability":{"type":1,"values":[0.9862671502896385,0.013732849710361442]},"dense_vector":{"type":1,"values":[73.97003627172288,1.029963728277108,0.9862671502896385,0.013732849710361442]},"label":0}
{"rawPrediction":{"type":1,"values":[72.96142009701481,2.0385799029851728]},"probability":{"type":1,"values":[0.9728189346268643,0.02718106537313564]},"dense_vector":{"type":1,"values":[72.96142009701481,2.0385799029851728,0.9728189346268643,0.02718106537313564]},"label":0}
{"rawPrediction":{"type":1,"values":[67.07964035964036,7.92035964035964]},"probability":{"type":1,"values":[0.8943952047952048,0.10560479520479521]},"dense_vector":{"type":1,"values":[67.07964035964036,7.92035964035964,0.8943952047952048,0.10560479520479521]},"label":0}
{"rawPrediction":{"type":1,"values":[70.17062197618587,4.8293780238141135]},"probability":{"type":1,"values":[0.9356082930158118,0.0643917069841882]},"dense_vector":{"type":1,"values":[70.17062197618587,4.8293780238141135,0.9356082930158118,0.0643917069841882]},"label":0}
{"rawPrediction":{"type":1,"values":[73.00806493737953,1.9919350626204475]},"probability":{"type":1,"values":[0.9734408658317274,0.026559134168272644]},"dense_vector":{"type":1,"values":[73.00806493737953,1.9919350626204475,0.9734408658317274,0.026559134168272644]},"label":0}
{"rawPrediction":{"type":1,"values":[64.45438564208966,10.545614357910338]},"probability":{"type":1,"values":[0.8593918085611955,0.14060819143880451]},"dense_vector":{"type":1,"values":[64.45438564208966,10.545614357910338,0.8593918085611955,0.14060819143880451]},"label":0}
{"rawPrediction":{"type":1,"values":[71.25984226936686,3.7401577306331335]},"probability":{"type":1,"values":[0.950131230258225,0.04986876974177512]},"dense_vector":{"type":1,"values":[71.25984226936686,3.7401577306331335,0.950131230258225,0.04986876974177512]},"label":0}
{"rawPrediction":{"type":1,"values":[73.1872947725122,1.812705227487785]},"probability":{"type":1,"values":[0.9758305969668296,0.024169403033170472]},"dense_vector":{"type":1,"values":[73.1872947725122,1.812705227487785,0.9758305969668296,0.024169403033170472]},"label":0}
{"rawPrediction":{"type":1,"values":[64.95290239172593,10.047097608274079]},"probability":{"type":1,"values":[0.8660386985563457,0.1339613014436544]},"dense_vector":{"type":1,"values":[64.95290239172593,10.047097608274079,0.8660386985563457,0.1339613014436544]},"label":0}
{"rawPrediction":{"type":1,"values":[69.14003393442694,5.8599660655730474]},"probability":{"type":1,"values":[0.9218671191256926,0.07813288087430731]},"dense_vector":{"type":1,"values":[69.14003393442694,5.8599660655730474,0.9218671191256926,0.07813288087430731]},"label":0}
{"rawPrediction":{"type":1,"values":[74.2629697056018,0.7370302943981909]},"probability":{"type":1,"values":[0.990172929408024,0.009827070591975878]},"dense_vector":{"type":1,"values":[74.2629697056018,0.7370302943981909,0.990172929408024,0.009827070591975878]},"label":0}
{"rawPrediction":{"type":1,"values":[73.53485065166525,1.4651493483347333]},"probability":{"type":1,"values":[0.9804646753555368,0.019535324644463115]},"dense_vector":{"type":1,"values":[73.53485065166525,1.4651493483347333,0.9804646753555368,0.019535324644463115]},"label":0}
{"rawPrediction":{"type":1,"values":[73.82468834351033,1.175311656489658]},"probability":{"type":1,"values":[0.9843291779134713,0.015670822086528775]},"dense_vector":{"type":1,"values":[73.82468834351033,1.175311656489658,0.9843291779134713,0.015670822086528775]},"label":0}
{"rawPrediction":{"type":1,"values":[69.96362304362304,5.036376956376957]},"probability":{"type":1,"values":[0.9328483072483073,0.06715169275169276]},"dense_vector":{"type":1,"values":[69.96362304362304,5.036376956376957,0.9328483072483073,0.06715169275169276]},"label":0}
{"rawPrediction":{"type":1,"values":[73.23096253741653,1.7690374625834444]},"probability":{"type":1,"values":[0.9764128338322208,0.02358716616777927]},"dense_vector":{"type":1,"values":[73.23096253741653,1.7690374625834444,0.9764128338322208,0.02358716616777927]},"label":0}
{"rawPrediction":{"type":1,"values":[53.40975690975691,21.59024309024309]},"probability":{"type":1,"values":[0.7121300921300922,0.28786990786990785]},"dense_vector":{"type":1,"values":[53.40975690975691,21.59024309024309,0.7121300921300922,0.28786990786990785]},"label":0}
{"rawPrediction":{"type":1,