{"rawPrediction":{"type":1,"values":[74.02831932773107,0.9716806722689076]},"probability":{"type":1,"values":[0.9870442577030812,0.012955742296918774]},"dense_vector":{"type":1,"values":[74.02831932773107,0.9716806722689076,0.9870442577030812,0.012955742296918774]},"label":0}
{"rawPrediction":{"type":1,"values":[10.982550739594084,64.01744926040593]},"probability":{"type":1,"values":[0.14643400986125443,0.8535659901387455]},"dense_vector":{"type":1,"values":[10.982550739594084,64.01744926040593,0.14643400986125443,0.8535659901387455]},"label":1}
{"rawPrediction":{"type":1,"values":[56.27088440970794,18.729115590292057]},"probability":{"type":1,"values":[0.7502784587961059,0.2497215412038941]},"dense_vector":{"type":1,"values":[56.27088440970794,18.729115590292057,0.7502784587961059,0.2497215412038941]},"label":0}
{"rawPrediction":{"type":1,"values":[72.66796857006374,2.332031429936255]},"probability":{"type":1,"values":[0.96890624760085,0.03109375239915007]},"dense_vector":{"type":1,"values":[72.66796857006374,2.332031429936255,0.96890624760085,0.03109375239915007]},"label":0}
{"rawPrediction":{"type":1,"values":[16.228637418038936,58.77136258196107]},"probability":{"type":1,"values":[0.21638183224051916,0.7836181677594809]},"dense_vector":{"type":1,"values":[16.228637418038936,58.77136258196107,0.21638183224051916,0.7836181677594809]},"label":1}
{"rawPrediction":{"type":1,"values":[72.79848705831866,2.201512941681299]},"probability":{"type":1,"values":[0.970646494110916,0.029353505889084003]},"dense_vector":{"type":1,"values":[72.79848705831866,2.201512941681299,0.970646494110916,0.029353505889084003]},"label":0}
{"rawPrediction":{"type":1,"values":[73.93064351900775,1.0693564809922291]},"probability":{"type":1,"values":[0.9857419135867703,0.014258086413229728]},"dense_vector":{"type":1,"values":[73.93064351900775,1.0693564809922291,0.9857419135867703,0.014258086413229728]},"label":0}
{"rawPrediction":{"type":1,"values":[40.55486633249791,34.44513366750209]},"probability":{"type":1,"values":[0.5407315510999721,0.4592684489000279]},"dense_vector":{"type":1,"values":[40.55486633249791,34.44513366750209,0.5407315510999721,0.4592684489000279]},"label":0}
{"rawPrediction":{"type":1,"values":[68.97732320804633,6.022676791953669]},"probability":{"type":1,"values":[0.919697642773951,0.08030235722604892]},"dense_vector":{"type":1,"values":[68.97732320804633,6.022676791953669,0.919697642773951,0.08030235722604892]},"label":0}
{"rawPrediction":{"type":1,"values":[72.05463762165652,2.9453623783434653]},"probability":{"type":1,"values":[0.9607285016220872,0.039271498377912877]},"dense_vector":{"type":1,"values":[72.05463762165652,2.9453623783434653,0.9607285016220872,0.039271498377912877]},"label":0}
{"rawPrediction":{"type":1,"values":[72.85722057674381,2.1427794232561626]},"probability":{"type":1,"values":[0.9714296076899179,0.02857039231008218]},"dense_vector":{"type":1,"values":[72.85722057674381,2.1427794232561626,0.9714296076899179,0.02857039231008218]},"label":0}
{"rawPrediction":{"type":1,"values":[73.2629697056018,1.7370302943981908]},"probability":{"type":1,"values":[0.9768395960746907,0.02316040392530921]},"dense_vector":{"type":1,"values":[73.2629697056018,1.7370302943981908,0.9768395960746907,0.02316040392530921]},"label":0}
{"rawPrediction":{"type":1,"values":[71.50208854134868,3.4979114586513087]},"probability":{"type":1,"values":[0.9533611805513159,0.04663881944868412]},"dense_vector":{"type":1,"values":[71.50208854134868,3.4979114586513087,0.9533611805513159,0.04663881944868412]},"label":0}
{"rawPrediction":{"type":1,"values":[66.54780664386078,8.452193356139215]},"probability":{"type":1,"values":[0.8873040885848105,0.11269591141518953]},"dense_vector":{"type":1,"values":[66.54780664386078,8.452193356139215,0.8873040885848105,0.11269591141518953]},"label":0}
{"rawPrediction":{"type":1,"values":[72.725080514146,2.274919485853972]},"probability":{"type":1,"values":[0.9696677401886137,0.030332259811386302]},"dense_vector":{"type":1,"values":[72.725080514146,2.274919485853972,0.9696677401886137,0.030332259811386302]},"label":0}
{"rawPrediction":{"type":1,"values":[68.29050377084326,6.709496229156742]},"probability":{"type":1,"values":[0.9105400502779101,0.0894599497220899]},"dense_vector":{"type":1,"values":[68.29050377084326,6.709496229156742,0.9105400502779101,0.0894599497220899]},"label":0}
{"rawPrediction":{"type":1,"values":[73.1872947725122,1.812705227487785]},"probability":{"type":1,"values":[0.9758305969668296,0.024169403033170472]},"dense_vector":{"type":1,"values":[73.1872947725122,1.812705227487785,0.9758305969668296,0.024169403033170472]},"label":0}
{"rawPrediction":{"type":1,"values":[72.17600861589288,2.8239913841070856]},"probability":{"type":1,"values":[0.9623467815452388,0.037653218454761155]},"dense_vector":{"type":1,"values":[72.17600861589288,2.8239913841070856,0.9623467815452388,0.037653218454761155]},"label":0}
{"rawPrediction":{"type":1,"values":[10.21884437670939,64.7811556232906]},"probability":{"type":1,"values":[0.13625125835612523,0.8637487416438748]},"dense_vector":{"type":1,"values":[10.21884437670939,64.7811556232906,0.13625125835612523,0.8637487416438748]},"label":1}
{"rawPrediction":{"type":1,"values":[6.078148258904838,68.92185174109517]},"probability":{"type":1,"values":[0.08104197678539783,0.9189580232146022]},"dense_vector":{"type":1,"values":[6.078148258904838,68.92185174109517,0.08104197678539783,0.9189580232146022]},"label":1}
{"rawPrediction":{"type":1,"values":[74.35400530914227,0.6459946908577072]},"probability":{"type":1,"values":[0.9913867374552306,0.008613262544769433]},"dense_vector":{"type":1,"values":[74.35400530914227,0.6459946908577072,0.9913867374552306,0.008613262544769433]},"label":0}
{"rawPrediction":{"type":1,"values":[70.1711953680226,4.828804631977403]},"probability":{"type":1,"values":[0.9356159382403013,0.0643840617596987]},"dense_vector":{"type":1,"values":[70.1711953680226,4.828804631977403,0.9356159382403013,0.0643840617596987]},"label":0}
{"rawPrediction":{"type":1,"values":[73.99332964300399,1.0066703569959998]},"probability":{"type":1,"values":[0.9865777285733867,0.013422271426613333]},"dense_vector":{"type":1,"values":[73.99332964300399,1.0066703569959998,0.9865777285733867,0.013422271426613333]},"label":0}
{"rawPrediction":{"type":1,"values":[73.37785829192379,1.622141708076194]},"probability":{"type":1,"values":[0.9783714438923173,0.02162855610768259]},"dense_vector":{"type":1,"values":[73.37785829192379,1.622141708076194,0.9783714438923173,0.02162855610768259]},"label":0}
{"rawPrediction":{"type":1,"values":[67.78251898298683,7.217481017013166]},"probability":{"type":1,"values":[0.9037669197731577,0.09623308022684221]},"dense_vector":{"type":1,"values":[67.78251898298683,7.217481017013166,0.9037669197731577,0.09623308022684221]},"label":0}
{"rawPrediction":{"type":1,"values":[55.813118963120466,19.186881036879523]},"probability":{"type":1,"values":[0.744174919508273,0.25582508049172703]},"dense_vector":{"type":1,"values":[55.813118963120466,19.186881036879523,0.744174919508273,0.25582508049172703]},"label":0}
{"rawPrediction":{"type":1,"values":[73.82056493737954,1.1794350626204475]},"probability":{"type":1,"values":[0.9842741991650608,0.015725800834939303]},"dense_vector":{"type":1,"values":[73.82056493737954,1.1794350626204475,0.9842741991650608,0.015725800834939303]},"label":0}
{"rawPrediction":{"type":1,"values":[66.77194805194804,8.228051948051947]},"probability":{"type":1,"values":[0.8902926406926408,0.10970735930735931]},"dense_vector":{"type":1,"values":[66.77194805194804,8.228051948051947,0.8902926406926408,0.10970735930735931]},"label":0}
{"rawPrediction":{"type":1,"values":[61.671400560224086,13.328599439775909]},"probability":{"type":1,"values":[0.8222853408029878,0.17771465919701213]},"dense_vector":{"type":1,"values":[61.671400560224086,13.328599439775909,0.8222853408029878,0.17771465919701213]},"label":0}
{"rawPrediction":{"type":1,